{
  "RandomForest": {
    "WMAPE": 1.627532654079038,
    "MAPE": 1.6319999754543915,
    "SMAPE": 1.6243213980819344,
    "MAE": 16361.98183436966,
    "RMSE": 25686.87633921129,
    "R2": 0.9975060783683063,
    "Mean_Error": 4738.765700648962,
    "Median_AE": 10538.958382896264
  },
  "XGBoost": {
    "WMAPE": 1.2140118235107764,
    "MAPE": 1.2457598739197833,
    "SMAPE": 1.2427810927014202,
    "MAE": 12204.756293650791,
    "RMSE": 18320.403907159533,
    "R2": 0.9987313836602114,
    "Mean_Error": 2500.0198849206326,
    "Median_AE": 7601.368750000023
  },
  "LightGBM": {
    "WMAPE": 1.1996325938705497,
    "MAPE": 1.309404206337795,
    "SMAPE": 1.306274247774418,
    "MAE": 12060.19839886695,
    "RMSE": 17409.112394684053,
    "R2": 0.9988544515275026,
    "Mean_Error": 1976.991016826996,
    "Median_AE": 8033.11008127511
  },
  "Ensemble": {
    "WMAPE": 1.1408905641784715,
    "MAPE": 1.198770648035013,
    "SMAPE": 1.1959132786733708,
    "MAE": 11469.650479396996,
    "RMSE": 16978.448177345384,
    "R2": 0.9989104273352959,
    "Mean_Error": 2253.513504307665,
    "Median_AE": 7474.9928374192095
  }
}